Hyrdrologic Region,Supply-General,Supply,2008,2009,2010,2011,2012,2013,2014,2015,2016,2018,Ave-2008-2018,Pct_of_total_supply_ave_08-18
California (Statewide),Surface Water,Surface Water - Total,44202.6,42757.6,50740.7,56847.2,44594,38608.6,30234.8,30813.8,47734.94,41437.687,42797.1927,56.26%
California (Statewide),Surface Water,Local Deliveries,8800,7915.7,8900,10342.5,8216.1,6828.2,6300.8,4902.8,5446.3702,6905.5558,7455.8026,9.80%
California (Statewide),Surface Water,Local Deliveries -  instream,19200,19321.4,25338.5,29270.6,19546.4,15967.6,10337.5,14196.8,28140.9298,18175.9442,19949.5674,26.22%
California (Statewide),Surface Water,Local Imported Deliveries,1200,1300,1123.3,970.5,816,657.1,516,394.4,608.4,736.1,832.18,1.09%
California (Statewide),Surface Water,Colorado River Deliveries,4919.9,4589.039,4650.7,4218.8,4687,5304.8,5847.834,5048.475,4748.2,4353.8,4836.8548,6.36%
California (Statewide),Surface Water,CVP Base and Project Deliveries,5500,5117.5,6000,6544.6,5818.7,5131.7,3385.9,2831.8,6472.6698,8123.8442,5492.6714,7.22%
California (Statewide),Surface Water,CVP Base - instream,2044.3,2064.6,2064.6,2064.6,2071,2064.6,2037.1,2030.1,2.0702,2.0558,1644.5026,2.16%
California (Statewide),Surface Water,Other Federal Deliveries,638.4,623.4,471.3,554.6,603.9,599.5,522.5,437.4,479.8,574,550.48,0.72%
California (Statewide),Surface Water,SWP Deliveries,1900,1825.961,2192.3,2850,2834.9,2024.1,1287.166,941.025,1788.4,2535.387,2017.9239,2.65%
California (Statewide),Surface Water,Water from Refineries,0,0,0,31,0,31,0,31,48.1,31,17.21,0.02%
California (Statewide),Groundwater,Groundwater - Total,20100.8,20242.2,14851.6,12254.5,18225.8,20867.3,23075.4,22938.4,17970.249,16252.12074,18677.83697,24.55%
California (Statewide),Groundwater,Net Extraction,13118.7,13100,8000,5927.6,12760.7,15752.6,18388.5,19006.4,13913.474,11043.2211,13101.11951,17.22%
California (Statewide),Groundwater,Deep Percolation,6847.6,7000,6709.2,6199.4,5355.4,5005.8,4577,3862.4,3979.975,5120.699641,5465.747464,7.18%
California (Statewide),Groundwater,Return Flow for Carryover storage,134.5,142.2,142.4,127.5,109.7,108.9,109.9,69.6,76.8,88.2,110.97,0.15%
California (Statewide),Reuse/Recycle,Reuse/Recycle - Total,13744.3,12549.9,14263.5,23580.595,14406.3,14221.1,11406.8,10376.4,15929.2,15506.7,14598.4795,19.19%
California (Statewide),Reuse/Recycle,Reuse Surface Water,13499.9,12301.2,14000,23286.395,14107.7,13903.4,11084.8,10060.6,15618.2,15173.7,14303.5895,18.80%
California (Statewide),Reuse/Recycle,Recycled Water,243,247.3,262.1,284.2,288.4,308,312.5,307.3,276.3,301,283.01,0.37%
California (Statewide),Reuse/Recycle,Inflow drainage,0,0,0,10,9.6,9.7,9.5,8.5,7.3,7.7,6.23,0.01%
California (Statewide),Reuse/Recycle,Desalination,1.4,1.4,1.4,0,0.6,0,0,0,27.4,24.3,5.65,0.01%
California (Statewide),Total,Total Supply,78047.7,75549.7,79855.8,92682.295,77226.1,73697,64717,64128.6,81634.389,73196.50774,76073.50917,100.00%
North Coast,Surface Water,Surface Water - Total,16805,14252.9,19518.5,25488.1,17750.5,14752.2,9490.8,13306,24204.6,14064.3,16963.29,96.14%
North Coast,Surface Water,Local Deliveries,376.3,370.4,393.3,297.9,338.5,351.4,326.9,323.8,305.2,301.5,338.52,1.92%
North Coast,Surface Water,Local Deliveries -  instream,16109.8,13583.4,18950.6,24890.1,17111.5,14167.7,8988.7,12813.8,23563.1,13486,16366.47,92.76%
North Coast,Surface Water,Local Imported Deliveries,2.5,2,1.3,1.3,1.4,1.6,1.7,2.2,81.1,45.6,14.07,0.08%
North Coast,Surface Water,Colorado River Deliveries,0,0,0,0,0,0,0,0,0,0,0,0.00%
North Coast,Surface Water,CVP Base and Project Deliveries,0,0,0,0,0,0,0,0,0,0,0,0.00%
North Coast,Surface Water,CVP Base - instream,0,0,0,0,0,0,0,0,0,0,0,0.00%
North Coast,Surface Water,Other Federal Deliveries,316.4,297.1,173.3,298.8,299.1,231.5,173.5,166.2,255.2,231.2,244.23,1.38%
North Coast,Surface Water,SWP Deliveries,0,0,0,0,0,0,0,0,0,0,0,0.00%
North Coast,Surface Water,Water from Refineries,0,0,0,0,0,0,0,0,,,0,0.00%
North Coast,Groundwater,Groundwater - Total,416.8,388.9,369.9,381.5,409.2,427.2,429.4,394.6,431.4,546.8,419.57,2.38%
North Coast,Groundwater,Net Extraction,259.5,235.3,225.4,263.2,309.2,332.2,343.2,311.7,334.3,432.9,304.69,1.73%
North Coast,Groundwater,Deep Percolation,134.4,128.1,117.9,96.9,99.5,92.8,85.5,80.2,96.5,113.3,104.51,0.59%
North Coast,Groundwater,Return Flow for Carryover storage,22.9,25.5,26.6,21.4,0.5,2.2,0.7,2.7,0.6,0.6,10.37,0.06%
North Coast,Reuse/Recycle,Reuse/Recycle - Total,315.2,284,389.6,261.4,284.5,267.3,200.2,184.5,209.3,210,260.6,1.48%
North Coast,Reuse/Recycle,Reuse Surface Water,252.2,242.9,303.5,186.7,207.7,201,142.5,132.7,203.4,205.8,207.84,1.18%
North Coast,Reuse/Recycle,Recycled Water,0,1.1,1.1,0,0,0,0,0,0,0,0.22,0.00%
North Coast,Reuse/Recycle,Inflow drainage,63,40,85,74.7,76.8,66.3,57.7,51.8,5.9,4.2,52.54,0.30%
North Coast,Reuse/Recycle,Desalination,0,0,0,0,0,0,0,0,0,0,0,0.00%
North Coast,Total,Total Supply,17537,14925.8,20278,26131,18444.2,15446.7,10120.4,13885.1,24845.3,14821.1,17643.46,100.00%
San Francisco Bay,Surface Water,Surface Water - Total,959.2,1088.3,977.9,986.8,1060.5,1075,1021,895.2,1207.1,1106.3,1037.73,74.39%
San Francisco Bay,Surface Water,Local Deliveries,169.2,233.1,226.1,257.1,404.4,290.7,337.4,317.3,483.8,353.3,307.24,22.02%
San Francisco Bay,Surface Water,Local Deliveries -  instream,17.2,18.7,17.4,21.8,19.9,19.5,12.9,12.9,20.7,19.9,18.09,1.30%
San Francisco Bay,Surface Water,Local Imported Deliveries,480.3,489.9,439.5,495.3,453.9,545.7,424.7,347.8,416.8,399.2,449.31,32.21%
San Francisco Bay,Surface Water,Colorado River Deliveries,0,0,0,0,0,0,0,0,0,0,0,0.00%
San Francisco Bay,Surface Water,CVP Base and Project Deliveries,119.5,175.8,96.2,136.2,130.3,136.9,148,162.4,153.7,191.5,145.05,10.40%
San Francisco Bay,Surface Water,CVP Base - instream,0,0,0,0,0,0,0,0,0,0,0,0.00%
San Francisco Bay,Surface Water,Other Federal Deliveries,36.2,37.8,34.5,13.4,1,11.1,18.8,9.5,5.1,47.4,21.48,1.54%
San Francisco Bay,Surface Water,SWP Deliveries,136.8,133,164.2,63,51,71.1,79.2,45.3,127,95,96.56,6.92%
San Francisco Bay,Surface Water,Water from Refineries,0,0,0,0,0,0,0,0,,,0,0.00%
San Francisco Bay,Groundwater,Groundwater - Total,297,272.5,231.5,238,279.3,249.7,274,304.2,250.7,314.3,271.12,19.44%
San Francisco Bay,Groundwater,Net Extraction,71.1,-44,-52.7,-83.8,-55.8,-97,3.9,73.5,-197,-43.9,-42.57,-3.05%
San Francisco Bay,Groundwater,Deep Percolation,225.9,316.5,284.2,321.8,335.1,346.7,270.1,230.7,447.7,358.2,313.69,22.49%
San Francisco Bay,Groundwater,Return Flow for Carryover storage,0,0,0,0,0,0,0,0,0,0,0,0.00%
San Francisco Bay,Reuse/Recycle,Reuse/Recycle - Total,80.8,58.1,52.4,102.2,88.3,95.7,93.9,80.9,89.2,119.9,86.14,6.17%
San Francisco Bay,Reuse/Recycle,Reuse Surface Water,39.1,23.5,16.2,51.6,46.4,56.8,48.3,36.3,46.9,87.5,45.26,3.24%
San Francisco Bay,Reuse/Recycle,Recycled Water,40.3,33.2,34.8,37.6,41.3,38.9,45.6,44.6,42.3,31.7,39.03,2.80%
San Francisco Bay,Reuse/Recycle,Inflow drainage,0,0,0,13,0,0,0,0,0,0.7,1.37,0.10%
San Francisco Bay,Reuse/Recycle,Desalination,1.4,1.4,1.4,0,0.6,0,0,0,0,0,0.48,0.03%
San Francisco Bay,Total,Total Supply,1337,1418.9,1261.8,1327,1428.1,1420.4,1388.9,1280.3,1547,1540.5,1394.99,100.00%
Central Coast,Surface Water,Surface Water - Total,166.8,155.7,157.4,145.7,178.5,136.7,125.3,72.9,120.9,134.3,139.42,9.64%
Central Coast,Surface Water,Local Deliveries,24.8,24.4,22.9,21.3,18.7,25.8,21.2,21.7,20.4,28.4,22.96,1.59%
Central Coast,Surface Water,Local Deliveries -  instream,0,0,0,0,30.1,0,13.2,0,0,0,4.33,0.30%
Central Coast,Surface Water,Local Imported Deliveries,0,0,0,0,0,0,0,0,0,0,0,0.00%
Central Coast,Surface Water,Colorado River Deliveries,0,0,0,0,0,0,0,0,0,0.4,0.04,0.00%
Central Coast,Surface Water,CVP Base and Project Deliveries,60.7,58.8,60,50.8,54.1,36,25.6,s,43.3,48,48.58888889,3.36%
Central Coast,Surface Water,CVP Base - instream,0,0,0,0,0,0,0,0,0,0,0,0.00%
Central Coast,Surface Water,Other Federal Deliveries,55.9,51.7,52.1,48,51,51.1,40.6,29,27.2,24.9,43.15,2.98%
Central Coast,Surface Water,SWP Deliveries,25.4,20.8,22.4,25.6,24.6,23.8,24.7,22.2,30,32.6,25.21,1.74%
Central Coast,Surface Water,Water from Refineries,0,0,0,0,0,0,0,0,,,0,0.00%
Central Coast,Groundwater,Groundwater - Total,1245.2,1191.4,999.4,1002.7,1110.7,1380.9,1403.3,1189.4,1133.689,1265.4,1192.2089,82.44%
Central Coast,Groundwater,Net Extraction,851.3,805.2,665.1,803.6,908.3,1104.5,1083.7,985.4,934.914,1032.000359,917.4014359,63.43%
Central Coast,Groundwater,Deep Percolation,393.9,386.2,334.3,199.1,202.4,276.4,319.6,204,198.775,233.3996409,274.8074641,19.00%
Central Coast,Groundwater,Return Flow for Carryover storage,0,0,0,0,0,0,0,0,0,0,0,0.00%
Central Coast,Reuse/Recycle,Reuse/Recycle - Total,128.7,125.5,193.2,207.4,56.6,93.9,43.9,66.7,105.9,77.4,109.92,7.60%
Central Coast,Reuse/Recycle,Reuse Surface Water,97.5,101.7,169.1,188.4,40.4,72.9,21.5,48,88.9,60.5,88.89,6.15%
Central Coast,Reuse/Recycle,Recycled Water,3.4,3.2,3.1,9,6.6,11.3,12.9,10.2,9.7,6.8,7.62,0.53%
Central Coast,Reuse/Recycle,Inflow drainage,27.8,20.6,21,10,9.6,9.7,9.5,8.5,7.3,7.7,13.17,0.91%
Central Coast,Reuse/Recycle,Desalination,0,0,0,0,0,0,0,0,0,2.4,0.24,0.02%
Central Coast,Total,Total Supply,1540.7,1472.6,1350,1355.8,1345.8,1611.5,1572.5,1375.7,1360.489,1477.1,1446.2189,100.00%
South Coast,Surface Water,Surface Water - Total,2896,2513.9,2364.6,2429,2544.5,2667.4,2626.6,2259.9,2338.6,2385,2502.55,54.19%
South Coast,Surface Water,Local Deliveries,201.6,179.9,220.3,214.3,236.5,196.5,168,164,90.4,107.6,177.91,3.85%
South Coast,Surface Water,Local Deliveries -  instream,0,0,54.3,0,0,0,0,0,0,0,5.43,0.12%
South Coast,Surface Water,Local Imported Deliveries,165.2,125.8,268.6,350.6,229.4,100.1,79.4,35.2,96,284.2,173.45,3.76%
South Coast,Surface Water,Colorado River Deliveries,1256.8,1218.839,990.2,958.6,905,1306.9,1733.134,1600.975,1214.6,933,1211.8048,26.24%
South Coast,Surface Water,CVP Base and Project Deliveries,0,0,0,0,0,0,0,0,0,0,0,0.00%
South Coast,Surface Water,CVP Base - instream,0,0,0,0,0,0,0,0,0,0,0,0.00%
South Coast,Surface Water,Other Federal Deliveries,0.3,0.8,1.4,1.7,0.1,0,0.1,0.2,0.1,0,0.47,0.01%
South Coast,Surface Water,SWP Deliveries,1272.1,988.561,829.8,903.8,1173.5,1063.9,645.966,459.525,920.4,1060.2,931.7752,20.18%
South Coast,Surface Water,Water from Refineries,0,0,0,0,0,0,0,0,17.1,0,1.71,0.04%
South Coast,Groundwater,Groundwater - Total,1697.1,1744.5,1408.2,1351,1484.3,1824.4,1986.3,1462.4,1331.2,1579.5,1586.89,34.37%
South Coast,Groundwater,Net Extraction,1072.9,1110.7,871,823.2,985.3,1236.1,1400.1,999.1,822.1,961.9,1028.24,22.27%
South Coast,Groundwater,Deep Percolation,624.2,633.8,537.2,527.8,499,588.3,586.2,463.3,509.1,617.6,558.65,12.10%
South Coast,Groundwater,Return Flow for Carryover storage,0,0,0,0,0,0,0,0,0,0,0,0.00%
South Coast,Reuse/Recycle,Reuse/Recycle - Total,597.7,498.7,553,644.6,513.1,509.9,505.6,456.6,501.8,501.9,528.29,11.44%
South Coast,Reuse/Recycle,Reuse Surface Water,414.6,306.8,348.6,439.9,297,273.8,274.8,227.8,274.4,240.7,309.84,6.71%
South Coast,Reuse/Recycle,Recycled Water,183.1,191.9,204.4,204.7,216.1,236.1,230.8,228.8,200,239.3,213.52,4.62%
South Coast,Reuse/Recycle,Inflow drainage,0,0,0,0,0,0,0,0,0,0,0,0.00%
South Coast,Reuse/Recycle,Desalination,0,0,0,0,0,0,0,0,27.4,21.9,4.93,0.11%
South Coast,Total,Total Supply,5190.8,4757.1,4325.8,4424.6,4541.9,5001.7,5118.5,4178.9,4171.6,4466.4,4617.73,100.00%
Sacramento River,Surface Water,Surface Water - Total,9191.6,10814.5,11256.7,8222.9,8761.6,8130.6,7340.2,6835.8,7960.2,9195,8770.91,41.31%
Sacramento River,Surface Water,Local Deliveries,2564.7,2184.8,2063.2,579.5,1905.3,2067,2237.1,2024.8,1718.2,2436.1,1978.07,9.32%
Sacramento River,Surface Water,Local Deliveries -  instream,1954.8,4176.2,4662.6,3084,2085.7,1289.1,1076.2,1004.7,1863.2,2249.9,2344.64,11.04%
Sacramento River,Surface Water,Local Imported Deliveries,8.8,10,7.6,120.3,131.3,9.7,10.2,9.2,14.5,7.1,32.87,0.15%
Sacramento River,Surface Water,Colorado River Deliveries,0,0,0,0,0,0,0,0,0,0,0,0.00%
Sacramento River,Surface Water,CVP Base and Project Deliveries,2411.3,2118.7,2237.4,2191.9,2327.5,2430,1722.4,1542.8,2088.2,2232.3,2130.25,10.03%
Sacramento River,Surface Water,CVP Base - instream,2044.3,2064.6,2064.6,2064.6,2071,2064.6,2037.1,2030.1,2070.2,2055.8,2056.69,9.69%
Sacramento River,Surface Water,Other Federal Deliveries,194.3,214.3,188.2,152.6,205.6,233.2,225.7,213.8,190.5,197.3,201.55,0.95%
Sacramento River,Surface Water,SWP Deliveries,13.4,45.9,33.1,30,35.2,37,31.5,10.4,15.4,16.5,26.84,0.13%
Sacramento River,Surface Water,Water from Refineries,0,0,0,0,0,0,0,0,,,0,0.00%
Sacramento River,Groundwater,Groundwater - Total,3176.9,3031.9,2696.8,2255.7,2663.6,2900.4,2943.4,3157.6,3316.2,3039.7,2918.22,13.74%
Sacramento River,Groundwater,Net Extraction,2049.4,1968.2,1744.9,1502.3,1844.4,2052.7,2200,2540.8,2563.1,2205.2,2067.1,9.74%
Sacramento River,Groundwater,Deep Percolation,1019.8,950.9,840.1,648.7,712.1,742.3,635.2,550.6,677.8,747.8,752.53,3.54%
Sacramento River,Groundwater,Return Flow for Carryover storage,107.7,112.8,111.8,104.7,107.1,105.4,108.2,66.2,75.3,86.7,98.59,0.46%
Sacramento River,Reuse/Recycle,Reuse/Recycle - Total,9143.6,7741.1,8040.8,15145.5,10076.3,9661.3,7581.6,7033.4,10985.9,10026.7,9543.62,44.95%
Sacramento River,Reuse/Recycle,Reuse Surface Water,8734.3,7167.7,7723.9,12427.6,9388.9,9041.7,7104.7,6724.5,9895.6,9336.2,8754.51,41.23%
Sacramento River,Reuse/Recycle,Recycled Water,0.2,0.2,0.2,4.4,4.6,2.6,4.1,5,5.8,5,3.21,0.02%
Sacramento River,Reuse/Recycle,Inflow drainage,409.1,573.2,316.7,2713.5,682.8,617,472.8,303.9,1084.5,685.5,785.9,3.70%
Sacramento River,Reuse/Recycle,Desalination,0,0,0,0,0,0,0,0,0,0,0,0.00%
Sacramento River,Total,Total Supply,21512.1,21587.5,21994.3,25624.1,21501.5,20692.3,17865.2,17026.8,22262.3,22261.4,21232.75,100.00%
San Joaquin River,Surface Water,Surface Water - Total,5413.8,5488,5889,7118.2,4871.6,4356,3114.7,2287.9,4551.54,4997.7,4808.844,44.86%
San Joaquin River,Surface Water,Local Deliveries,3101.2,2613.4,2863.9,2774.3,2504.7,1993,1601.3,1030.6,1845.6,2474.2,2280.22,21.27%
San Joaquin River,Surface Water,Local Deliveries -  instream,857.7,1356.8,1432.4,2605.5,722.7,852.2,499.9,500.8,1543.4,841.3,1121.27,10.46%
San Joaquin River,Surface Water,Local Imported Deliveries,0,0,0,3,0,0,0,0,0,0,0.3,0.00%
San Joaquin River,Surface Water,Colorado River Deliveries,0,0,0,0,0,0,0,0,0,0,0,0.00%
San Joaquin River,Surface Water,CVP Base and Project Deliveries,1411.5,1450.4,1541.4,1667.8,1569.2,1393,918.3,724.3,1152.34,1603.1,1343.134,12.53%
San Joaquin River,Surface Water,CVP Base - instream,0,0,0,0,0,0,0,0,0,0,0,0.00%
San Joaquin River,Surface Water,Other Federal Deliveries,33.5,21.7,21.8,40.1,47.1,72.6,63.8,18.7,1.7,73.2,39.42,0.37%
San Joaquin River,Surface Water,SWP Deliveries,9.9,45.7,29.5,27.5,27.9,45.2,31.4,13.5,8.5,5.9,24.5,0.23%
San Joaquin River,Surface Water,Water from Refineries,0,0,0,0,0,0,0,0,,,0,0.00%
San Joaquin River,Groundwater,Groundwater - Total,3864.1,3847.6,2708.8,2479.8,3558.9,3854.7,4835.2,5287.1,3885.06,3199.7,3752.096,35.00%
San Joaquin River,Groundwater,Net Extraction,3040.8,2973.7,1888.2,1344.4,2766.7,3169.6,4305.6,4800.6,3317.46,2257.5,2986.456,27.86%
San Joaquin River,Groundwater,Deep Percolation,823.3,873.9,820.6,1135.4,792.2,685.1,529.6,486.5,567.6,942.2,765.64,7.14%
San Joaquin River,Groundwater,Return Flow for Carryover storage,0,0,0,0,0,0,0,0,0,0,0,0.00%
San Joaquin River,Reuse/Recycle,Reuse/Recycle - Total,1736.1,2181.5,2379.1,3138.4,1945,2068.9,1500.5,1556.3,2307.7,2774.2,2158.77,20.14%
San Joaquin River,Reuse/Recycle,Reuse Surface Water,1733.5,2180,2373.3,3120.9,1936.5,2061.3,1492.7,1549.3,2300.2,2767.5,2151.52,20.07%
San Joaquin River,Reuse/Recycle,Recycled Water,1.7,1.5,1.3,13.9,4.7,3.9,4.1,3.6,4.1,3.1,4.19,0.04%
San Joaquin River,Reuse/Recycle,Inflow drainage,0.9,0,4.5,3.6,3.8,3.7,3.7,3.4,3.4,3.6,3.06,0.03%
San Joaquin River,Reuse/Recycle,Desalination,0,0,0,0,0,0,0,0,0,0,0,0.00%
San Joaquin River,Total,Total Supply,11014,11517.1,10976.9,12736.4,10375.5,10279.6,9450.4,9131.3,10744.3,10971.6,10719.71,100.00%
Tulare Lake,Surface Water,Surface Water - Total,3836.7,3676.3,5784.7,8424.4,4904.5,2852.7,1877,1211.6,3162.4,5321.687,4105.1987,31.51%
Tulare Lake,Surface Water,Local Deliveries,2056.3,1928.1,2784.7,4313.3,1921,1067.2,886.4,519.5,1663.6,2271.7,1941.18,14.90%
Tulare Lake,Surface Water,Local Deliveries -  instream,0,0,0,0,0,0,0,0,0,0,0,0.00%
Tulare Lake,Surface Water,Local Imported Deliveries,0,0,0,0,0,0,0,0,0,0,0,0.00%
Tulare Lake,Surface Water,Colorado River Deliveries,0,0,0,0,0,0,0,0,0,0,0,0.00%
Tulare Lake,Surface Water,CVP Base and Project Deliveries,1403.1,1313.8,2020.7,2497.9,1737.6,1135.8,571.6,355.6,967,1995.2,1399.83,10.74%
Tulare Lake,Surface Water,CVP Base - instream,0,0,0,0,0,0,0,0,0,0,0,0.00%
Tulare Lake,Surface Water,Other Federal Deliveries,0,0,0,0,0,0,0,0,0,0,0,0.00%
Tulare Lake,Surface Water,SWP Deliveries,377.3,434.4,979.3,1582.2,1245.9,618.7,419,305.5,500.8,1023.787,748.6887,5.75%
Tulare Lake,Surface Water,Water from Refineries,0,0,0,31,0,31,0,31,31,31,15.5,0.12%
Tulare Lake,Groundwater,Groundwater - Total,8397.2,8711.2,5537.2,3770.4,7838.7,9410.1,10315.5,10496.2,7013.9,5549.52074,7703.992074,59.13%
Tulare Lake,Groundwater,Net Extraction,5268.6,5463.4,2339.4,1005.7,5697.3,7520.2,8539,8904,5847.9,4029.82074,5461.532074,41.92%
Tulare Lake,Groundwater,Deep Percolation,3128.6,3247.8,3197.8,2764.7,2141.4,1889.9,1776.5,1592.2,1166,1519.7,2242.46,17.21%
Tulare Lake,Groundwater,Return Flow for Carryover storage,0,0,0,0,0,0,0,0,0,0,0,0.00%
Tulare Lake,Reuse/Recycle,Reuse/Recycle - Total,1303.5,1346.9,2103.1,3179.3,728.6,602.9,582,365.5,992.2,1001.8,1220.58,9.37%
Tulare Lake,Reuse/Recycle,Reuse Surface Water,1303.5,1346.9,2103.1,3179.3,728.6,602.9,582,365.5,992.2,1001.8,1220.58,9.37%
Tulare Lake,Reuse/Recycle,Recycled Water,0,0,0,0,0,0,0,0,0,0,0,0.00%
Tulare Lake,Reuse/Recycle,Inflow drainage,0,0,0,0,0,0,0,0,0,0,0,0.00%
Tulare Lake,Reuse/Recycle,Desalination,0,0,0,0,0,0,0,0,0,0,0,0.00%
Tulare Lake,Total,Total Supply,13537.4,13734.4,13425,15374.1,13471.8,12865.7,12774.5,12073.3,11168.5,11873.00774,13029.77077,100.00%
North Lahontan,Surface Water,Surface Water - Total,464.9,488.1,480.6,428.45455,371.5,384.4,376.9,278.2,379.7,412.4,406.515455,54.93%
North Lahontan,Surface Water,Local Deliveries,338.5,352.1,341.1,220.7,249.7,260.8,268.4,214.6,260.8,256.1,276.28,37.33%
North Lahontan,Surface Water,Local Deliveries -  instream,126.4,136,139.5,207.75455,121.8,123.6,108.5,63.6,118.9,156.3,130.235455,17.60%
North Lahontan,Surface Water,Local Imported Deliveries,0,0,0,0,0,0,0,0,0,0,0,0.00%
North Lahontan,Surface Water,Colorado River Deliveries,0,0,0,0,0,0,0,0,0,0,0,0.00%
North Lahontan,Surface Water,CVP Base and Project Deliveries,0,0,0,0,0,0,0,0,0,0,0,0.00%
North Lahontan,Surface Water,CVP Base - instream,0,0,0,0,0,0,0,0,0,0,0,0.00%
North Lahontan,Surface Water,Other Federal Deliveries,0,0,0,0,0,0,0,0,0,0,0,0.00%
North Lahontan,Surface Water,SWP Deliveries,0,0,0,0,0,0,0,0,0,0,0,0.00%
North Lahontan,Surface Water,Water from Refineries,0,0,0,0,0,0,0,0,,,0,0.00%
North Lahontan,Groundwater,Groundwater - Total,167.8,180.1,173.7,84.6,92.6,101.8,103.6,88.3,96.7,154,124.32,16.80%
North Lahontan,Groundwater,Net Extraction,93.1,101.1,97.1,52.8,59.6,64.2,61.5,56.9,59.7,105.7,75.17,10.16%
North Lahontan,Groundwater,Deep Percolation,70.8,75.1,72.6,30.4,30.9,36.3,41.1,30.7,36.1,47.4,47.14,6.37%
North Lahontan,Groundwater,Return Flow for Carryover storage,3.9,3.9,4,1.4,2.1,1.3,1,0.7,0.9,0.9,2.01,0.27%
North Lahontan,Reuse/Recycle,Reuse/Recycle - Total,209.7,256.1,298.7,384.295,135.5,152.9,111,106.7,197,241,209.2895,28.28%
North Lahontan,Reuse/Recycle,Reuse Surface Water,209.7,256.1,297.6,384.295,135.5,152.9,111,106.7,197,241,209.1795,28.26%
North Lahontan,Reuse/Recycle,Recycled Water,0,0,1.1,0,0,0,0,0,0,0,0.11,0.01%
North Lahontan,Reuse/Recycle,Inflow drainage,0,0,0,0,0,0,0,0,0,0,0,0.00%
North Lahontan,Reuse/Recycle,Desalination,0,0,0,0,0,0,0,0,0,0,0,0.00%
North Lahontan,Total,Total Supply,842.4,924.3,953,897.34955,599.6,639.1,591.5,473.2,673.4,807.4,740.124955,100.00%
South Lahontan,Surface Water,Surface Water - Total,164.4,161.5,218,208.6,197.7,160.4,127.3,117.8,176.8,181.8,171.43,24.85%
South Lahontan,Surface Water,Local Deliveries,43,38.2,53.5,43.6,40,41.6,40.7,40.5,40,43.1,42.42,6.15%
South Lahontan,Surface Water,Local Deliveries -  instream,46.6,49.3,58.9,80.2,49.8,47.9,49.7,45.5,48,54.3,53.02,7.69%
South Lahontan,Surface Water,Local Imported Deliveries,0,0,0,0,0,0,0,0,0,0,0,0.00%
South Lahontan,Surface Water,Colorado River Deliveries,0,0,0,0,0,0,0,0,0,0,0,0.00%
South Lahontan,Surface Water,CVP Base and Project Deliveries,0,0,0,0,0,0,0,0,0,0,0,0.00%
South Lahontan,Surface Water,CVP Base - instream,0,0,0,0,0,0,0,0,0,0,0,0.00%
South Lahontan,Surface Water,Other Federal Deliveries,0,0,0,0,0,0,0,0,0,0,0,0.00%
South Lahontan,Surface Water,SWP Deliveries,74.8,74,105.6,84.8,107.9,70.9,36.9,31.8,88.8,84.4,75.99,11.02%
South Lahontan,Surface Water,Water from Refineries,0,0,0,0,0,0,0,0,,,0,0.00%
South Lahontan,Groundwater,Groundwater - Total,490.7,469.9,413.4,373.6,399,496,518.9,395.5,388.4,330,427.54,61.97%
South Lahontan,Groundwater,Net Extraction,324,314.9,251.9,271,285.5,373.4,383.2,305.2,267.6,210,298.67,43.29%
South Lahontan,Groundwater,Deep Percolation,166.7,155,161.5,102.6,113.5,122.6,135.7,90.3,120.8,120,128.87,18.68%
South Lahontan,Groundwater,Return Flow for Carryover storage,0,0,0,0,0,0,0,0,0,0,0,0.00%
South Lahontan,Reuse/Recycle,Reuse/Recycle - Total,114.7,115.6,154.9,71.4,68.6,98.9,91.4,60.6,70.5,62.4,90.9,13.18%
South Lahontan,Reuse/Recycle,Reuse Surface Water,114.2,115.1,154.4,71,67.7,98.1,90.6,59.7,69.2,61.1,90.11,13.06%
South Lahontan,Reuse/Recycle,Recycled Water,0.5,0.5,0.5,0.4,0.9,0.8,0.8,0.9,1.3,1.3,0.79,0.11%
South Lahontan,Reuse/Recycle,Inflow drainage,0,0,0,0,0,0,0,0,0,0,0,0.00%
South Lahontan,Reuse/Recycle,Desalination,0,0,0,0,0,0,0,0,0,0,0,0.00%
South Lahontan,Total,Total Supply,769.8,747,786.3,653.6,665.3,755.3,737.6,573.9,635.7,574.2,689.87,100.00%
Colorado River,Surface Water,Surface Water - Total,3731.2,3431.5,3666.7,3395,3953.1,4093.2,4135,3501.8,3633.1,3639.2,3717.98,81.62%
Colorado River,Surface Water,Local Deliveries,3.6,1.4,1.6,1.7,2.2,1.8,1.8,1.5,2,1.8,1.94,0.04%
Colorado River,Surface Water,Local Deliveries -  instream,0,0,0,0,0,0,0,0,0,0,0,0.00%
Colorado River,Surface Water,Local Imported Deliveries,0,0,0,0,0,0,0,0,0,0,0,0.00%
Colorado River,Surface Water,Colorado River Deliveries,3663.1,3370.2,3660.4,3260.2,3782,3997.9,4114.7,3447.5,3533.6,3420.4,3625,79.57%
Colorado River,Surface Water,CVP Base and Project Deliveries,0,0,0,0,0,0,0,0,0,0,0,0.00%
Colorado River,Surface Water,CVP Base - instream,0,0,0,0,0,0,0,0,0,0,0,0.00%
Colorado River,Surface Water,Other Federal Deliveries,0,0,0,0,0,0,0,0,0,0,0,0.00%
Colorado River,Surface Water,SWP Deliveries,64.5,59.9,4.7,133.1,168.9,93.5,18.5,52.8,97.5,217,91.04,2.00%
Colorado River,Surface Water,Water from Refineries,0,0,0,0,0,0,0,0,,,0,0.00%
Colorado River,Groundwater,Groundwater - Total,374.2,397,338.3,317.2,389.5,222.1,265.8,163.1,123,273.2,286.34,6.29%
Colorado River,Groundwater,Net Extraction,116.7,127,-24.9,-54.8,-39.8,-3.3,68.3,29.2,-36.9,-147.9,3.36,0.07%
Colorado River,Groundwater,Deep Percolation,257.5,270,363.2,372,429.3,225.4,197.5,133.9,159.9,421.1,282.98,6.21%
Colorado River,Groundwater,Return Flow for Carryover storage,0,0,0,0,0,0,0,0,0,0,0,0.00%
Colorado River,Reuse/Recycle,Reuse/Recycle - Total,633.6,571.6,557.9,446.1,509.8,669.4,696.7,465.2,469.7,491.4,551.14,12.10%
Colorado River,Reuse/Recycle,Reuse Surface Water,619.1,555.9,542.4,431.9,495.6,655,682.5,451,456.6,477.6,536.76,11.78%
Colorado River,Reuse/Recycle,Recycled Water,14.5,15.7,15.5,14.2,14.2,14.4,14.2,14.2,13.1,13.8,14.38,0.32%
Colorado River,Reuse/Recycle,Inflow drainage,0,0,0,0,0,0,0,0,0,0,0,0.00%
Colorado River,Reuse/Recycle,Desalination,0,0,0,0,0,0,0,0,0,0,0,0.00%
Colorado River,Total,Total Supply,4739,4400.1,4562.9,4158.3,4852.4,4984.7,5097.5,4130.1,4225.8,4403.8,4555.46,100.00%